{"dataframe_split": {"columns": ["V1", "V2", "V3", "V4", "V5", "V6", "V7", "V8", "V9", "V10", "V11", "V12", "V13", "V14", "V15", "V16", "V17", "V18", "V19", "V20", "V21", "V22", "V23", "V24", "V25", "V26", "V27", "V28", "Amount"], "index": [0, 1], "data": [[-1.3598071337, -0.0727811733, 2.536346738, 1.3781552243, -0.3383207699, 0.4623877778, 0.2395985541, 0.0986979013, 0.3637869696, 0.090794172, -0.5515995333, -0.6178008558, -0.9913898472, -0.3111693537, 1.4681769721, -0.4704005253, 0.2079712419, 0.0257905802, 0.4039929603, 0.2514120982, -0.0183067779, 0.2778375756, -0.1104739102, 0.0669280749, 0.1285393583, -0.1891148439, 0.1335583767, -0.0210530535, 149.62], [1.1918571113, 0.2661507121, 0.1664801134, 0.4481540785, 0.0600176493, -0.0823608088, -0.0788029833, 0.0851016549, -0.2554251281, -0.166974414, 1.6127266611, 1.0652353114, 0.4890950159, -0.1437722964, 0.6355580933, 0.463917041, -0.1148046631, -0.1833612701, -0.1457830413, -0.0690831352, -0.225775248, -0.6386719528, 0.1012880213, -0.3398464755, 0.1671704044, 0.1258945324, -0.0089830991, 0.0147241692, 2.69]]}}